industry_id,industry,year,nominal_usd_b,real_2024_usd_b,pct_of_us_gdp
rail,US Railroads,1850,0.04,1.6087,1.53846
rail,US Railroads,1851,0.045,1.7987,1.6422
rail,US Railroads,1852,0.0506,2.0112,1.75294
rail,US Railroads,1853,0.057,2.2488,1.87115
rail,US Railroads,1854,0.0641,2.5144,1.99732
rail,US Railroads,1855,0.0721,2.8114,2.13201
rail,US Railroads,1856,0.0811,3.1435,2.27577
rail,US Railroads,1857,0.0913,3.5149,2.42923
rail,US Railroads,1858,0.1027,3.9301,2.59304
rail,US Railroads,1859,0.1155,4.3943,2.7679
rail,US Railroads,1860,0.13,4.9134,2.95455
rail,US Railroads,1861,0.1455,4.8522,3.12607
rail,US Railroads,1862,0.1628,4.7918,3.30755
rail,US Railroads,1863,0.1821,4.7322,3.49957
rail,US Railroads,1864,0.2038,4.6733,3.70273
rail,US Railroads,1865,0.228,4.6151,3.91769
rail,US Railroads,1866,0.2552,5.3741,4.14513
rail,US Railroads,1867,0.2855,6.2578,4.38577
rail,US Railroads,1868,0.3195,7.2868,4.64038
rail,US Railroads,1869,0.3575,8.485,4.90977
rail,US Railroads,1870,0.4,9.8803,5.19481
rail,US Railroads,1871,0.4172,10.5346,5.25826
rail,US Railroads,1872,0.4352,11.2322,5.32249
rail,US Railroads,1873,0.454,11.976,5.3875
rail,US Railroads,1874,0.4736,12.7691,5.45331
rail,US Railroads,1875,0.494,13.6147,5.51992
rail,US Railroads,1876,0.5153,14.5163,5.58735
rail,US Railroads,1877,0.5375,15.4775,5.6556
rail,US Railroads,1878,0.5606,16.5025,5.72468
rail,US Railroads,1879,0.5848,17.5953,5.7946
rail,US Railroads,1880,0.61,18.7605,5.86538
rail,US Railroads,1881,0.644,20.0348,6.02881
rail,US Railroads,1882,0.68,21.3958,6.1968
rail,US Railroads,1883,0.7179,22.8491,6.36946
rail,US Railroads,1884,0.758,24.4012,6.54694
rail,US Railroads,1885,0.8003,26.0587,6.72936
rail,US Railroads,1886,0.845,27.8288,6.91686
rail,US Railroads,1887,0.8921,29.7192,7.10958
rail,US Railroads,1888,0.9419,31.7379,7.30768
rail,US Railroads,1889,0.9945,33.8938,7.5113
rail,US Railroads,1890,1.05,36.1962,7.72059
rail,US Railroads,1891,1.0874,37.7866,7.67039
rail,US Railroads,1892,1.1261,39.447,7.62051
rail,US Railroads,1893,1.1662,41.1804,7.57096
rail,US Railroads,1894,1.2078,42.9899,7.52173
rail,US Railroads,1895,1.2508,44.8789,7.47282
rail,US Railroads,1896,1.2954,46.8509,7.42423
rail,US Railroads,1897,1.3415,48.9096,7.37596
rail,US Railroads,1898,1.3893,51.0587,7.328
rail,US Railroads,1899,1.4388,53.3023,7.28035
rail,US Railroads,1900,1.49,55.6444,7.23301
rail,US Railroads,1901,1.5876,58.6258,7.34316
rail,US Railroads,1902,1.6916,61.7669,7.45499
rail,US Railroads,1903,1.8024,65.0763,7.56853
rail,US Railroads,1904,1.9204,68.563,7.68379
rail,US Railroads,1905,2.0462,72.2366,7.80081
rail,US Railroads,1906,2.1802,76.107,7.91961
rail,US Railroads,1907,2.323,80.1847,8.04021
rail,US Railroads,1908,2.4752,84.4809,8.16266
rail,US Railroads,1909,2.6373,89.0073,8.28697
rail,US Railroads,1910,2.81,93.7763,8.41317
rail,US Railroads,1911,2.9285,96.0557,7.95467
rail,US Railroads,1912,3.0519,98.3906,7.52115
rail,US Railroads,1913,3.1806,100.7822,7.11125
rail,US Railroads,1914,3.3146,94.9923,6.7237
rail,US Railroads,1915,3.4544,89.5351,6.35727
rail,US Railroads,1916,3.6,84.3914,6.0108
rail,US Railroads,1917,4.1422,87.8218,6.27471
rail,US Railroads,1918,4.7661,91.3916,6.5502
rail,US Railroads,1919,5.484,95.1065,6.83779
rail,US Railroads,1920,6.31,98.9724,7.13801
rail,US Railroads,1921,6.3067,101.5973,7.00208
rail,US Railroads,1922,6.3033,104.2919,6.86874
rail,US Railroads,1923,6.3,107.058,6.73794
rail,US Railroads,1924,6.2966,109.8974,6.60964
rail,US Railroads,1925,6.2933,112.8122,6.48377
rail,US Railroads,1926,6.29,113.4061,6.3603
rail,US Railroads,1927,6.2867,114.0032,6.23918
rail,US Railroads,1928,6.2833,114.6034,6.12037
rail,US Railroads,1929,6.28,115.2068,6.00382
rail,US Railroads,1930,5.2639,103.417,5.85211
rail,US Railroads,1931,4.4123,92.8337,5.70423
rail,US Railroads,1932,3.6984,83.3334,5.56008
rail,US Railroads,1933,3.1,74.8054,5.41958
rail,US Railroads,1934,3.2548,76.5577,5.23233
rail,US Railroads,1935,3.4173,78.351,5.05155
rail,US Railroads,1936,3.5879,80.1864,4.87701
rail,US Railroads,1937,3.7671,82.0647,4.70851
rail,US Railroads,1938,3.9552,86.9752,4.54582
rail,US Railroads,1939,4.1527,92.1795,4.38876
rail,US Railroads,1940,4.36,97.6951,4.23712
rail,US Railroads,1941,5.2832,112.5782,4.37826
rail,US Railroads,1942,6.4019,129.7286,4.52409
rail,US Railroads,1943,7.7574,149.4918,4.67479
rail,US Railroads,1944,9.4,172.2657,4.8305
rail,US Railroads,1945,9.4116,164.0238,4.12429
rail,US Railroads,1946,9.4233,154.9155,3.90901
rail,US Railroads,1947,9.4349,146.3131,3.70497
rail,US Railroads,1948,9.4466,138.1883,3.51159
rail,US Railroads,1949,9.4583,130.5147,3.32829
rail,US Railroads,1950,9.47,123.2672,3.15456
rail,US Railroads,1951,9.474,120.7277,2.97413
rail,US Railroads,1952,9.478,118.2406,2.80401
rail,US Railroads,1953,9.482,115.8046,2.64362
rail,US Railroads,1954,9.486,113.4189,2.49241
rail,US Railroads,1955,9.49,111.0823,2.34985
rail,US Railroads,1956,9.494,108.9423,2.21544
rail,US Railroads,1957,9.498,106.8436,2.08872
rail,US Railroads,1958,9.502,104.7852,1.96925
rail,US Railroads,1959,9.506,102.7665,1.85661
rail,US Railroads,1960,9.51,100.7867,1.75041
rail,US Railroads,1961,9.7329,101.874,1.67354
rail,US Railroads,1962,9.9611,102.973,1.60005
rail,US Railroads,1963,10.1946,104.0839,1.52978
rail,US Railroads,1964,10.4336,105.2068,1.46259
rail,US Railroads,1965,10.6782,106.3418,1.39836
rail,US Railroads,1966,10.9286,104.3911,1.33695
rail,US Railroads,1967,11.1848,102.4762,1.27824
rail,US Railroads,1968,11.447,100.5965,1.2221
rail,US Railroads,1969,11.7154,98.7512,1.16843
rail,US Railroads,1970,11.99,96.9398,1.11712
rail,US Railroads,1971,13.0559,98.8782,1.10297
rail,US Railroads,1972,14.2166,100.8554,1.089
rail,US Railroads,1973,15.4805,102.8721,1.07521
rail,US Railroads,1974,16.8568,104.9292,1.0616
rail,US Railroads,1975,18.3554,107.0274,1.04815
rail,US Railroads,1976,19.9872,107.0175,1.03488
rail,US Railroads,1977,21.7641,107.0076,1.02177
rail,US Railroads,1978,23.6989,106.9976,1.00883
rail,US Railroads,1979,25.8058,106.9877,0.99606
rail,US Railroads,1980,28.1,106.9778,0.98345
rail,US Railroads,1981,28.0597,101.2731,0.91238
rail,US Railroads,1982,28.0195,95.8726,0.84645
rail,US Railroads,1983,27.9794,90.76,0.78529
rail,US Railroads,1984,27.9393,85.9201,0.72854
rail,US Railroads,1985,27.8993,81.3383,0.67589
rail,US Railroads,1986,27.8593,78.1232,0.62705
rail,US Railroads,1987,27.8194,75.0351,0.58174
rail,US Railroads,1988,27.7795,72.0691,0.5397
rail,US Railroads,1989,27.7397,69.2204,0.50071
rail,US Railroads,1990,27.7,66.4842,0.46452
rail,US Railroads,1991,28.2818,65.827,0.44912
rail,US Railroads,1992,28.8758,65.1763,0.43423
rail,US Railroads,1993,29.4824,64.532,0.41983
rail,US Railroads,1994,30.1016,63.8941,0.40591
rail,US Railroads,1995,30.7339,63.2625,0.39245
rail,US Railroads,1996,31.3794,63.0325,0.37943
rail,US Railroads,1997,32.0385,62.8033,0.36685
rail,US Railroads,1998,32.7114,62.5749,0.35468
rail,US Railroads,1999,33.3985,62.3473,0.34292
rail,US Railroads,2000,34.1,62.1206,0.33155
rail,US Railroads,2001,35.8977,63.7696,0.33599
rail,US Railroads,2002,37.7901,65.4624,0.3405
rail,US Railroads,2003,39.7824,67.2002,0.34506
rail,US Railroads,2004,41.8796,68.984,0.34968
rail,US Railroads,2005,44.0874,70.8153,0.35437
rail,US Railroads,2006,46.4116,72.9203,0.35912
rail,US Railroads,2007,48.8583,75.0878,0.36393
rail,US Railroads,2008,51.4341,77.3198,0.36881
rail,US Railroads,2009,54.1456,79.6182,0.37375
rail,US Railroads,2010,57.0,81.9849,0.37876
rail,US Railroads,2011,58.6773,83.0062,0.3765
rail,US Railroads,2012,60.4039,84.0402,0.37425
rail,US Railroads,2013,62.1814,85.0871,0.37202
rail,US Railroads,2014,64.0112,86.147,0.36979
rail,US Railroads,2015,65.8948,87.2202,0.36758
rail,US Railroads,2016,67.8338,88.0981,0.36539
rail,US Railroads,2017,69.8299,88.9849,0.36321
rail,US Railroads,2018,71.8847,89.8806,0.36104
rail,US Railroads,2019,74.0,90.7853,0.35888
rail,US Railroads,2020,75.1629,91.1074,0.35198
rail,US Railroads,2021,76.344,88.3731,0.33065
rail,US Railroads,2022,77.5437,83.1072,0.31062
rail,US Railroads,2023,78.7623,81.0887,0.2918
rail,US Railroads,2024,80.0,80.0,0.27411
electric,US Electric utilities,1902,0.086,3.1402,0.37901
electric,US Electric utilities,1903,0.0992,3.5833,0.41674
electric,US Electric utilities,1904,0.1145,4.0888,0.45823
electric,US Electric utilities,1905,0.1322,4.6657,0.50385
electric,US Electric utilities,1906,0.1525,5.324,0.55401
electric,US Electric utilities,1907,0.176,6.0751,0.60916
electric,US Electric utilities,1908,0.1961,6.6922,0.64661
electric,US Electric utilities,1909,0.2184,7.3719,0.68636
electric,US Electric utilities,1910,0.2433,8.1207,0.72856
electric,US Electric utilities,1911,0.2711,8.8919,0.73636
electric,US Electric utilities,1912,0.302,9.7362,0.74425
electric,US Electric utilities,1913,0.334,10.5847,0.74686
electric,US Electric utilities,1914,0.3695,10.5887,0.74949
electric,US Electric utilities,1915,0.4087,10.5927,0.75212
electric,US Electric utilities,1916,0.452,10.5968,0.75476
electric,US Electric utilities,1917,0.5,10.6008,0.75741
electric,US Electric utilities,1918,0.5743,11.0133,0.78934
electric,US Electric utilities,1919,0.6598,11.4418,0.82262
electric,US Electric utilities,1920,0.7579,11.887,0.85731
electric,US Electric utilities,1921,0.8706,14.0242,0.96654
electric,US Electric utilities,1922,1.0,16.5456,1.0897
electric,US Electric utilities,1923,1.1197,19.0275,1.19754
electric,US Electric utilities,1924,1.2537,21.8818,1.31605
electric,US Electric utilities,1925,1.4038,25.1643,1.44629
electric,US Electric utilities,1926,1.5718,28.3398,1.58942
electric,US Electric utilities,1927,1.76,31.9161,1.74671
electric,US Electric utilities,1928,1.7853,32.562,1.73896
electric,US Electric utilities,1929,1.8109,33.2208,1.73125
electric,US Electric utilities,1930,1.8369,36.0881,2.04213
electric,US Electric utilities,1931,1.8633,39.2028,2.40884
electric,US Electric utilities,1932,1.89,42.5863,2.8414
electric,US Electric utilities,1933,1.9247,46.4445,3.36486
electric,US Electric utilities,1934,1.96,46.1033,3.15092
electric,US Electric utilities,1935,1.996,45.7645,2.95059
electric,US Electric utilities,1936,2.0327,45.4282,2.76299
electric,US Electric utilities,1937,2.07,45.0944,2.58731
electric,US Electric utilities,1938,2.1748,47.8251,2.49961
electric,US Electric utilities,1939,2.285,50.7211,2.41489
electric,US Electric utilities,1940,2.4007,53.7926,2.33303
electric,US Electric utilities,1941,2.5223,53.7463,2.09024
electric,US Electric utilities,1942,2.65,53.7,1.87271
electric,US Electric utilities,1943,2.8016,53.9896,1.68832
electric,US Electric utilities,1944,2.9619,54.2807,1.52209
electric,US Electric utilities,1945,3.1314,54.5734,1.37222
electric,US Electric utilities,1946,3.3106,54.4248,1.37331
electric,US Electric utilities,1947,3.5,54.2766,1.3744
electric,US Electric utilities,1948,3.9419,57.663,1.46531
electric,US Electric utilities,1949,4.4395,61.2608,1.56223
electric,US Electric utilities,1950,5.0,65.083,1.66556
electric,US Electric utilities,1951,5.4529,69.4867,1.7118
electric,US Electric utilities,1952,5.9468,74.1884,1.75934
electric,US Electric utilities,1953,6.4855,79.2082,1.80819
electric,US Electric utilities,1954,7.073,84.5676,1.8584
electric,US Electric utilities,1955,7.7136,90.2897,1.91
electric,US Electric utilities,1956,8.4123,96.5305,1.96304
electric,US Electric utilities,1957,9.1743,103.2026,2.01754
electric,US Electric utilities,1958,10.0053,110.336,2.07357
electric,US Electric utilities,1959,10.9116,117.9624,2.13114
electric,US Electric utilities,1960,11.9,126.1159,2.19032
electric,US Electric utilities,1961,12.6542,132.4505,2.17584
electric,US Electric utilities,1962,13.4562,139.1033,2.16145
electric,US Electric utilities,1963,14.309,146.0902,2.14717
electric,US Electric utilities,1964,15.2159,153.4281,2.13297
electric,US Electric utilities,1965,16.1802,161.1346,2.11887
electric,US Electric utilities,1966,17.2057,164.3509,2.10486
electric,US Electric utilities,1967,18.2962,167.6314,2.09095
electric,US Electric utilities,1968,19.4557,170.9774,2.07713
electric,US Electric utilities,1969,20.6888,174.3902,2.06339
electric,US Electric utilities,1970,22.0,177.8711,2.04975
electric,US Electric utilities,1971,25.5448,193.462,2.15803
electric,US Electric utilities,1972,29.6608,210.4195,2.27204
electric,US Electric utilities,1973,34.44,228.8633,2.39206
electric,US Electric utilities,1974,39.9893,248.9238,2.51843
electric,US Electric utilities,1975,46.4327,270.7426,2.65146
electric,US Electric utilities,1976,53.9144,288.6742,2.79153
electric,US Electric utilities,1977,62.6015,307.7934,2.939
electric,US Electric utilities,1978,72.6884,328.1789,3.09426
electric,US Electric utilities,1979,84.4006,349.9146,3.25772
electric,US Electric utilities,1980,98.0,373.0898,3.42981
electric,US Electric utilities,1981,104.0851,375.6636,3.3844
electric,US Electric utilities,1982,110.5481,378.2551,3.33958
electric,US Electric utilities,1983,117.4125,380.8644,3.29536
electric,US Electric utilities,1984,124.703,383.4918,3.25173
electric,US Electric utilities,1985,132.4462,386.1373,3.20867
electric,US Electric utilities,1986,140.6702,394.468,3.16619
electric,US Electric utilities,1987,149.4049,402.9785,3.12426
electric,US Electric utilities,1988,158.682,411.6725,3.0829
electric,US Electric utilities,1989,168.5351,420.5542,3.04207
electric,US Electric utilities,1990,179.0,429.6274,3.00179
electric,US Electric utilities,1991,183.7821,427.7602,2.91849
electric,US Electric utilities,1992,188.6921,425.9011,2.83749
electric,US Electric utilities,1993,193.7331,424.0501,2.75875
electric,US Electric utilities,1994,198.9089,422.2072,2.68219
electric,US Electric utilities,1995,204.2229,420.3722,2.60775
electric,US Electric utilities,1996,209.6789,421.1867,2.53538
electric,US Electric utilities,1997,215.2807,422.0028,2.46502
electric,US Electric utilities,1998,221.0321,422.8205,2.39661
electric,US Electric utilities,1999,226.9372,423.6397,2.3301
electric,US Electric utilities,2000,233.0,424.4605,2.26544
electric,US Electric utilities,2001,243.8962,433.2641,2.28281
electric,US Electric utilities,2002,255.302,442.2502,2.30033
electric,US Electric utilities,2003,267.2412,451.4227,2.31797
electric,US Electric utilities,2004,279.7388,460.7855,2.33575
electric,US Electric utilities,2005,292.8208,470.3424,2.35367
electric,US Electric utilities,2006,306.5145,481.5847,2.37173
electric,US Electric utilities,2007,320.8487,493.0956,2.38992
electric,US Electric utilities,2008,335.8532,504.8817,2.40825
electric,US Electric utilities,2009,351.5593,516.9496,2.42673
electric,US Electric utilities,2010,368.0,529.3058,2.44535
electric,US Electric utilities,2011,369.9527,523.3431,2.37378
electric,US Electric utilities,2012,371.9158,517.4476,2.30432
electric,US Electric utilities,2013,373.8893,511.6185,2.23688
electric,US Electric utilities,2014,375.8732,505.8551,2.17142
electric,US Electric utilities,2015,377.8677,500.1565,2.10788
electric,US Electric utilities,2016,379.8728,493.3541,2.04619
electric,US Electric utilities,2017,381.8885,486.6442,1.98631
electric,US Electric utilities,2018,383.9149,480.0255,1.92818
electric,US Electric utilities,2019,385.952,473.4969,1.87176
electric,US Electric utilities,2020,388.0,470.3076,1.81698
electric,US Electric utilities,2021,415.4477,480.9075,1.79935
electric,US Electric utilities,2022,444.837,476.7522,1.78189
electric,US Electric utilities,2023,476.3055,490.3742,1.7646
electric,US Electric utilities,2024,510.0,510.0,1.74748
phone,US Telephone (Bell System),1885,0.01,0.3256,0.08408
phone,US Telephone (Bell System),1886,0.011,0.3618,0.08993
phone,US Telephone (Bell System),1887,0.0121,0.402,0.09617
phone,US Telephone (Bell System),1888,0.0133,0.4467,0.10286
phone,US Telephone (Bell System),1889,0.0146,0.4964,0.11
phone,US Telephone (Bell System),1890,0.016,0.5516,0.11765
phone,US Telephone (Bell System),1891,0.0171,0.5926,0.12028
phone,US Telephone (Bell System),1892,0.0182,0.6366,0.12298
phone,US Telephone (Bell System),1893,0.0194,0.6839,0.12574
phone,US Telephone (Bell System),1894,0.0206,0.7348,0.12856
phone,US Telephone (Bell System),1895,0.022,0.7894,0.13144
phone,US Telephone (Bell System),1896,0.0255,0.9222,0.14613
phone,US Telephone (Bell System),1897,0.0295,1.0774,0.16248
phone,US Telephone (Bell System),1898,0.0342,1.2587,0.18064
phone,US Telephone (Bell System),1899,0.0397,1.4704,0.20084
phone,US Telephone (Bell System),1900,0.046,1.7179,0.2233
phone,US Telephone (Bell System),1901,0.0542,1.9997,0.25047
phone,US Telephone (Bell System),1902,0.0637,2.3277,0.28095
phone,US Telephone (Bell System),1903,0.075,2.7096,0.31513
phone,US Telephone (Bell System),1904,0.0883,3.1541,0.35348
phone,US Telephone (Bell System),1905,0.104,3.6715,0.39648
phone,US Telephone (Bell System),1906,0.1141,3.9815,0.41431
phone,US Telephone (Bell System),1907,0.1251,4.3177,0.43294
phone,US Telephone (Bell System),1908,0.1372,4.6823,0.45241
phone,US Telephone (Bell System),1909,0.1505,5.0777,0.47275
phone,US Telephone (Bell System),1910,0.165,5.5064,0.49401
phone,US Telephone (Bell System),1911,0.1778,5.8333,0.48307
phone,US Telephone (Bell System),1912,0.1917,6.1795,0.47238
phone,US Telephone (Bell System),1913,0.2066,6.5464,0.46192
phone,US Telephone (Bell System),1914,0.2227,6.3814,0.45169
phone,US Telephone (Bell System),1915,0.24,6.2206,0.44168
phone,US Telephone (Bell System),1916,0.2719,6.3741,0.454
phone,US Telephone (Bell System),1917,0.3081,6.5314,0.46666
phone,US Telephone (Bell System),1918,0.349,6.6925,0.47967
phone,US Telephone (Bell System),1919,0.3954,6.8577,0.49304
phone,US Telephone (Bell System),1920,0.448,7.0269,0.50679
phone,US Telephone (Bell System),1921,0.5002,8.0573,0.55531
phone,US Telephone (Bell System),1922,0.5584,9.2388,0.60848
phone,US Telephone (Bell System),1923,0.6234,10.5936,0.66673
phone,US Telephone (Bell System),1924,0.696,12.147,0.73057
phone,US Telephone (Bell System),1925,0.777,13.9283,0.80051
phone,US Telephone (Bell System),1926,0.8523,15.3671,0.86185
phone,US Telephone (Bell System),1927,0.9349,16.9545,0.92789
phone,US Telephone (Bell System),1928,1.0256,18.7059,0.99898
phone,US Telephone (Bell System),1929,1.125,20.6382,1.07553
phone,US Telephone (Bell System),1930,1.0873,21.3618,1.20881
phone,US Telephone (Bell System),1931,1.0509,22.1107,1.35861
phone,US Telephone (Bell System),1932,1.0157,22.8859,1.52697
phone,US Telephone (Bell System),1933,0.9817,23.6884,1.7162
phone,US Telephone (Bell System),1934,0.9488,22.3169,1.52524
phone,US Telephone (Bell System),1935,0.917,21.0248,1.35553
phone,US Telephone (Bell System),1936,0.9644,21.554,1.31094
phone,US Telephone (Bell System),1937,1.0143,22.0966,1.26781
phone,US Telephone (Bell System),1938,1.0668,23.4589,1.2261
phone,US Telephone (Bell System),1939,1.122,24.9051,1.18576
phone,US Telephone (Bell System),1940,1.18,26.4404,1.14674
phone,US Telephone (Bell System),1941,1.2979,27.6576,1.07563
phone,US Telephone (Bell System),1942,1.4277,28.9307,1.00892
phone,US Telephone (Bell System),1943,1.5704,30.2625,0.94634
phone,US Telephone (Bell System),1944,1.7273,31.6556,0.88765
phone,US Telephone (Bell System),1945,1.9,33.1128,0.8326
phone,US Telephone (Bell System),1946,2.1166,34.7968,0.87803
phone,US Telephone (Bell System),1947,2.358,36.5665,0.92595
phone,US Telephone (Bell System),1948,2.6268,38.4262,0.97647
phone,US Telephone (Bell System),1949,2.9263,40.3805,1.02975
phone,US Telephone (Bell System),1950,3.26,42.4341,1.08594
phone,US Telephone (Bell System),1951,3.5928,45.7829,1.12786
phone,US Telephone (Bell System),1952,3.9595,49.3959,1.1714
phone,US Telephone (Bell System),1953,4.3637,53.2941,1.21662
phone,US Telephone (Bell System),1954,4.8091,57.5,1.26358
phone,US Telephone (Bell System),1955,5.3,62.0377,1.31235
phone,US Telephone (Bell System),1956,5.7434,65.9043,1.34022
phone,US Telephone (Bell System),1957,6.2238,70.012,1.36869
phone,US Telephone (Bell System),1958,6.7444,74.3757,1.39776
phone,US Telephone (Bell System),1959,7.3086,79.0114,1.42744
phone,US Telephone (Bell System),1960,7.92,83.9359,1.45776
phone,US Telephone (Bell System),1961,8.5035,89.0051,1.46214
phone,US Telephone (Bell System),1962,9.1299,94.3804,1.46653
phone,US Telephone (Bell System),1963,9.8025,100.0803,1.47093
phone,US Telephone (Bell System),1964,10.5247,106.1245,1.47535
phone,US Telephone (Bell System),1965,11.3,112.5337,1.47978
phone,US Telephone (Bell System),1966,12.2618,117.1257,1.50004
phone,US Telephone (Bell System),1967,13.3054,121.9052,1.52058
phone,US Telephone (Bell System),1968,14.4378,126.8797,1.5414
phone,US Telephone (Bell System),1969,15.6666,132.0571,1.56251
phone,US Telephone (Bell System),1970,17.0,137.4459,1.5839
phone,US Telephone (Bell System),1971,18.9112,143.2226,1.59762
phone,US Telephone (Bell System),1972,21.0372,149.2421,1.61146
phone,US Telephone (Bell System),1973,23.4023,155.5146,1.62543
phone,US Telephone (Bell System),1974,26.0333,162.0507,1.63951
phone,US Telephone (Bell System),1975,28.96,168.8616,1.65371
phone,US Telephone (Bell System),1976,32.405,173.5061,1.67784
phone,US Telephone (Bell System),1977,36.2597,178.2785,1.70231
phone,US Telephone (Bell System),1978,40.573,183.1821,1.72714
phone,US Telephone (Bell System),1979,45.3995,188.2205,1.75234
phone,US Telephone (Bell System),1980,50.8,193.3976,1.7779
phone,US Telephone (Bell System),1981,56.3675,203.4414,1.83283
phone,US Telephone (Bell System),1982,62.5452,214.0068,1.88945
phone,US Telephone (Bell System),1983,69.4,225.1209,1.94782
auto,US Auto sales,1900,0.0042,0.1568,0.02039
auto,US Auto sales,1901,0.006,0.2198,0.02753
auto,US Auto sales,1902,0.0084,0.308,0.03717
auto,US Auto sales,1903,0.012,0.4315,0.05019
auto,US Auto sales,1904,0.0169,0.6047,0.06776
auto,US Auto sales,1905,0.024,0.8473,0.0915
auto,US Auto sales,1906,0.0359,1.2536,0.13045
auto,US Auto sales,1907,0.0537,1.8547,0.18597
auto,US Auto sales,1908,0.0804,2.7441,0.26514
auto,US Auto sales,1909,0.1203,4.0601,0.37801
auto,US Auto sales,1910,0.18,6.007,0.53892
auto,US Auto sales,1911,0.2251,7.382,0.61133
auto,US Auto sales,1912,0.2814,9.0717,0.69346
auto,US Auto sales,1913,0.3518,11.1482,0.78663
auto,US Auto sales,1914,0.4399,12.6065,0.89231
auto,US Auto sales,1915,0.55,14.2556,1.01219
auto,US Auto sales,1916,0.7257,17.0126,1.21173
auto,US Auto sales,1917,0.9576,20.3027,1.45059
auto,US Auto sales,1918,1.2636,24.2292,1.73655
auto,US Auto sales,1919,1.6673,28.915,2.07888
auto,US Auto sales,1920,2.2,34.507,2.48869
auto,US Auto sales,1921,2.309,37.1973,2.56364
auto,US Auto sales,1922,2.4235,40.0974,2.64085
auto,US Auto sales,1923,2.5436,43.2236,2.72038
auto,US Auto sales,1924,2.6696,46.5935,2.80231
auto,US Auto sales,1925,2.8019,50.2262,2.8867
auto,US Auto sales,1926,2.9408,53.0209,2.97364
auto,US Auto sales,1927,3.0865,55.9711,3.06319
auto,US Auto sales,1928,3.2395,59.0855,3.15545
auto,US Auto sales,1929,3.4,62.3731,3.25048
auto,US Auto sales,1930,2.099,41.238,2.33356
auto,US Auto sales,1931,1.2958,27.2645,1.67529
auto,US Auto sales,1932,0.8,18.0259,1.20271
auto,US Auto sales,1933,1.035,24.976,1.80949
auto,US Auto sales,1934,1.3391,31.4978,2.15271
auto,US Auto sales,1935,1.7325,39.7225,2.56104
auto,US Auto sales,1936,2.2415,50.0949,3.04682
auto,US Auto sales,1937,2.9,63.1757,3.62474
auto,US Auto sales,1938,3.2001,70.3713,3.67801
auto,US Auto sales,1939,3.5313,78.3866,3.73206
auto,US Auto sales,1940,3.8967,87.3147,3.78691
auto,US Auto sales,1941,4.3,91.6275,3.56347
auto,US Auto sales,1942,1.1358,23.0157,0.80264
auto,US Auto sales,1943,0.3,5.7812,0.18079
auto,US Auto sales,1944,0.7114,13.0368,0.36557
auto,US Auto sales,1945,1.6869,29.3983,0.7392
auto,US Auto sales,1946,4.0,65.7587,1.6593
auto,US Auto sales,1947,5.2643,81.6365,2.06722
auto,US Auto sales,1948,6.9282,101.3482,2.57542
auto,US Auto sales,1949,9.118,125.8193,3.20855
auto,US Auto sales,1950,12.0,156.1992,3.99734
auto,US Auto sales,1951,12.5643,160.1078,3.94425
auto,US Auto sales,1952,13.1551,164.1142,3.89188
auto,US Auto sales,1953,13.7738,168.2208,3.8402
auto,US Auto sales,1954,14.4215,172.4303,3.7892
auto,US Auto sales,1955,15.0997,176.745,3.73889
auto,US Auto sales,1956,15.8097,181.4149,3.68924
auto,US Auto sales,1957,16.5532,186.2082,3.64025
auto,US Auto sales,1958,17.3316,191.1282,3.59191
auto,US Auto sales,1959,18.1466,196.1781,3.54421
auto,US Auto sales,1960,19.0,201.3615,3.49715
auto,US Auto sales,1961,20.2539,211.9959,3.48258
auto,US Auto sales,1962,21.5905,223.192,3.46807
auto,US Auto sales,1963,23.0154,234.9794,3.45362
auto,US Auto sales,1964,24.5343,247.3893,3.43923
auto,US Auto sales,1965,26.1534,260.4546,3.4249
auto,US Auto sales,1966,27.8794,266.3071,3.41063
auto,US Auto sales,1967,29.7192,272.291,3.39642
auto,US Auto sales,1968,31.6806,278.4095,3.38227
auto,US Auto sales,1969,33.7713,284.6654,3.36817
auto,US Auto sales,1970,36.0,291.0619,3.35414
auto,US Auto sales,1971,39.321,297.7946,3.32185
auto,US Auto sales,1972,42.9483,304.6831,3.28986
auto,US Auto sales,1973,46.9102,311.731,3.25819
auto,US Auto sales,1974,51.2376,318.9419,3.22682
auto,US Auto sales,1975,55.9643,326.3196,3.19575
auto,US Auto sales,1976,61.1269,327.2923,3.16498
auto,US Auto sales,1977,66.7658,328.268,3.1345
auto,US Auto sales,1978,72.9249,329.2465,3.10432
auto,US Auto sales,1979,79.6522,330.228,3.07443
auto,US Auto sales,1980,87.0,331.2124,3.04483
auto,US Auto sales,1981,95.4139,344.3674,3.10245
auto,US Auto sales,1982,104.6416,358.0449,3.16115
auto,US Auto sales,1983,114.7616,372.2657,3.22096
auto,US Auto sales,1984,125.8604,387.0512,3.28191
auto,US Auto sales,1985,138.0326,402.4241,3.34401
auto,US Auto sales,1986,151.382,424.5059,3.40729
auto,US Auto sales,1987,166.0224,447.7995,3.47176
auto,US Auto sales,1988,182.0787,472.3712,3.53745
auto,US Auto sales,1989,199.6878,498.2912,3.60438
auto,US Auto sales,1990,219.0,525.6335,3.67259
auto,US Auto sales,1991,231.0398,537.7543,3.66895
auto,US Auto sales,1992,243.7416,550.1547,3.66531
auto,US Auto sales,1993,257.1416,562.8409,3.66168
auto,US Auto sales,1994,271.2783,575.8197,3.65805
auto,US Auto sales,1995,286.1922,589.0978,3.65443
auto,US Auto sales,1996,301.9261,606.4856,3.65081
auto,US Auto sales,1997,318.5249,624.3867,3.64719
auto,US Auto sales,1998,336.0362,642.8161,3.64358
auto,US Auto sales,1999,354.5103,661.7895,3.63997
auto,US Auto sales,2000,374.0,681.3229,3.63636
auto,US Auto sales,2001,370.6697,658.4679,3.46938
auto,US Auto sales,2002,367.369,636.3796,3.31007
auto,US Auto sales,2003,364.0977,615.0322,3.15808
auto,US Auto sales,2004,360.8556,594.401,3.01306
auto,US Auto sales,2005,357.6423,574.4618,2.8747
auto,US Auto sales,2006,354.4576,556.9111,2.7427
auto,US Auto sales,2007,351.3013,539.8967,2.61676
auto,US Auto sales,2008,348.1731,523.4021,2.4966
auto,US Auto sales,2009,345.0727,507.4114,2.38195
auto,US Auto sales,2010,342.0,491.9092,2.27258
auto,US Auto sales,2011,365.1078,516.4894,2.3427
auto,US Auto sales,2012,389.7768,542.2977,2.41498
auto,US Auto sales,2013,416.1127,569.3957,2.48949
auto,US Auto sales,2014,444.228,597.8478,2.56631
auto,US Auto sales,2015,474.243,627.7216,2.64549
auto,US Auto sales,2016,506.2859,657.5313,2.72712
auto,US Auto sales,2017,540.4939,688.7566,2.81126
auto,US Auto sales,2018,577.0132,721.4648,2.89801
auto,US Auto sales,2019,616.0,755.7262,2.98742
auto,US Auto sales,2020,642.4322,778.7132,3.00847
auto,US Auto sales,2021,669.9986,775.5666,2.90184
auto,US Auto sales,2022,698.7478,748.88,2.79899
auto,US Auto sales,2023,728.7306,750.2553,2.69978
auto,US Auto sales,2024,760.0,760.0,2.60409
pharma,US Prescription drugs,1940,0.3,6.7221,0.29155
pharma,US Prescription drugs,1941,0.3384,7.2105,0.28042
pharma,US Prescription drugs,1942,0.3817,7.7344,0.26973
pharma,US Prescription drugs,1943,0.4305,8.2963,0.25944
pharma,US Prescription drugs,1944,0.4856,8.8991,0.24954
pharma,US Prescription drugs,1945,0.5477,9.5456,0.24002
pharma,US Prescription drugs,1946,0.6178,10.1564,0.25628
pharma,US Prescription drugs,1947,0.6968,10.8064,0.27364
pharma,US Prescription drugs,1948,0.786,11.4979,0.29218
pharma,US Prescription drugs,1949,0.8866,12.2337,0.31198
pharma,US Prescription drugs,1950,1.0,13.0166,0.33311
pharma,US Prescription drugs,1951,1.1044,14.0738,0.34671
pharma,US Prescription drugs,1952,1.2198,15.2168,0.36086
pharma,US Prescription drugs,1953,1.3471,16.4527,0.37559
pharma,US Prescription drugs,1954,1.4878,17.7889,0.39092
pharma,US Prescription drugs,1955,1.6432,19.2336,0.40687
pharma,US Prescription drugs,1956,1.8148,20.8241,0.42348
pharma,US Prescription drugs,1957,2.0043,22.5461,0.44076
pharma,US Prescription drugs,1958,2.2136,24.4105,0.45875
pharma,US Prescription drugs,1959,2.4447,26.4291,0.47747
pharma,US Prescription drugs,1960,2.7,28.6145,0.49696
pharma,US Prescription drugs,1961,2.8991,30.3447,0.49849
pharma,US Prescription drugs,1962,3.1129,32.1795,0.50002
pharma,US Prescription drugs,1963,3.3424,34.1252,0.50156
pharma,US Prescription drugs,1964,3.5889,36.1885,0.5031
pharma,US Prescription drugs,1965,3.8536,38.3767,0.50464
pharma,US Prescription drugs,1966,4.1377,39.5242,0.50619
pharma,US Prescription drugs,1967,4.4429,40.706,0.50775
pharma,US Prescription drugs,1968,4.7705,41.9232,0.50931
pharma,US Prescription drugs,1969,5.1223,43.1767,0.51087
pharma,US Prescription drugs,1970,5.5,44.4678,0.51244
pharma,US Prescription drugs,1971,5.9463,45.0337,0.50234
pharma,US Prescription drugs,1972,6.4287,45.6067,0.49245
pharma,US Prescription drugs,1973,6.9504,46.1871,0.48274
pharma,US Prescription drugs,1974,7.5143,46.7749,0.47323
pharma,US Prescription drugs,1975,8.124,47.3701,0.46391
pharma,US Prescription drugs,1976,8.7832,47.0281,0.45477
pharma,US Prescription drugs,1977,9.4959,46.6885,0.44581
pharma,US Prescription drugs,1978,10.2664,46.3514,0.43703
pharma,US Prescription drugs,1979,11.0994,46.0167,0.42842
pharma,US Prescription drugs,1980,12.0,45.6845,0.41998
pharma,US Prescription drugs,1981,13.5455,48.8882,0.44044
pharma,US Prescription drugs,1982,15.2899,52.3166,0.4619
pharma,US Prescription drugs,1983,17.2591,55.9854,0.4844
pharma,US Prescription drugs,1984,19.4819,59.9115,0.50801
pharma,US Prescription drugs,1985,21.9909,64.1129,0.53276
pharma,US Prescription drugs,1986,24.8231,69.609,0.55871
pharma,US Prescription drugs,1987,28.02,75.5762,0.58594
pharma,US Prescription drugs,1988,31.6286,82.0549,0.61449
pharma,US Prescription drugs,1989,35.702,89.089,0.64442
pharma,US Prescription drugs,1990,40.3,96.7262,0.67582
pharma,US Prescription drugs,1991,44.9798,104.6922,0.71429
pharma,US Prescription drugs,1992,50.203,113.3142,0.75494
pharma,US Prescription drugs,1993,56.0327,122.6464,0.7979
pharma,US Prescription drugs,1994,62.5394,132.7471,0.84331
pharma,US Prescription drugs,1995,69.8016,143.6796,0.89131
pharma,US Prescription drugs,1996,77.9072,156.494,0.94203
pharma,US Prescription drugs,1997,86.9541,170.4513,0.99565
pharma,US Prescription drugs,1998,97.0515,185.6533,1.05231
pharma,US Prescription drugs,1999,108.3214,202.2112,1.1122
pharma,US Prescription drugs,2000,120.9,220.2458,1.1755
pharma,US Prescription drugs,2001,130.1706,231.2387,1.21837
pharma,US Prescription drugs,2002,140.1521,242.7802,1.2628
pharma,US Prescription drugs,2003,150.8989,254.8977,1.30885
pharma,US Prescription drugs,2004,162.4698,267.6201,1.35658
pharma,US Prescription drugs,2005,174.928,280.9775,1.40606
pharma,US Prescription drugs,2006,188.3414,295.9153,1.45734
pharma,US Prescription drugs,2007,202.7834,311.6472,1.51048
pharma,US Prescription drugs,2008,218.3328,328.2156,1.56557
pharma,US Prescription drugs,2009,235.0745,345.6648,1.62266
pharma,US Prescription drugs,2010,253.1,364.0416,1.68184
pharma,US Prescription drugs,2011,261.3189,369.6673,1.67674
pharma,US Prescription drugs,2012,269.8046,375.38,1.67166
pharma,US Prescription drugs,2013,278.5659,381.181,1.66659
pharma,US Prescription drugs,2014,287.6117,387.0716,1.66153
pharma,US Prescription drugs,2015,296.9512,393.0532,1.6565
pharma,US Prescription drugs,2016,306.5941,398.1845,1.65147
pharma,US Prescription drugs,2017,316.55,403.3828,1.64647
pharma,US Prescription drugs,2018,326.8293,408.6489,1.64148
pharma,US Prescription drugs,2019,337.4423,413.9838,1.6365
pharma,US Prescription drugs,2020,348.4,422.3071,1.63154
pharma,US Prescription drugs,2021,379.338,439.1083,1.64296
pharma,US Prescription drugs,2022,413.0234,442.6561,1.65445
pharma,US Prescription drugs,2023,449.7,462.9829,1.66603
wireless,US Wireless service,1985,0.48,1.3994,0.01163
wireless,US Wireless service,1986,0.743,2.0834,0.01672
wireless,US Wireless service,1987,1.15,3.1018,0.02405
wireless,US Wireless service,1988,1.9598,5.0845,0.03808
wireless,US Wireless service,1989,3.34,8.3345,0.06029
wireless,US Wireless service,1990,4.55,10.9207,0.0763
wireless,US Wireless service,1991,5.71,13.2903,0.09068
wireless,US Wireless service,1992,7.8856,17.7987,0.11858
wireless,US Wireless service,1993,10.89,23.8364,0.15507
wireless,US Wireless service,1994,14.4146,30.5967,0.19437
wireless,US Wireless service,1995,19.08,39.2743,0.24364
wireless,US Wireless service,1996,22.9022,46.0041,0.27693
wireless,US Wireless service,1997,27.49,53.8871,0.31477
wireless,US Wireless service,1998,33.1685,63.4493,0.35964
wireless,US Wireless service,1999,40.02,74.7082,0.41091
wireless,US Wireless service,2000,52.47,95.5856,0.51016
wireless,US Wireless service,2001,63.3599,112.5543,0.59303
wireless,US Wireless service,2002,76.51,132.5354,0.68937
wireless,US Wireless service,2003,88.3923,149.3119,0.76669
wireless,US Wireless service,2004,102.12,168.212,0.85268
wireless,US Wireless service,2005,113.54,182.3733,0.91263
wireless,US Wireless service,2006,125.5679,197.2878,0.97161
wireless,US Wireless service,2007,138.87,213.4221,1.03441
wireless,US Wireless service,2008,145.5494,218.8016,1.04367
wireless,US Wireless service,2009,152.55,224.3168,1.05302
wireless,US Wireless service,2010,159.93,230.0323,1.06273
wireless,US Wireless service,2011,172.0182,243.3406,1.10375
wireless,US Wireless service,2012,185.02,257.4189,1.14635
wireless,US Wireless service,2013,189.2,258.8954,1.13193
wireless,US Wireless service,2014,190.5452,256.4382,1.10078
wireless,US Wireless service,2015,191.9,254.0043,1.07048
wireless,US Wireless service,2016,192.5975,250.1331,1.03743
wireless,US Wireless service,2017,193.2975,246.3208,1.0054
wireless,US Wireless service,2018,194.0,242.5667,0.97435
wireless,US Wireless service,2019,191.9896,235.5383,0.93109
wireless,US Wireless service,2020,190.0,230.3053,0.88976
wireless,US Wireless service,2021,197.9924,229.189,0.85753
wireless,US Wireless service,2022,206.321,221.1237,0.82646
wireless,US Wireless service,2023,215.0,221.3505,0.79653
webads,US Internet advertising,1996,0.267,0.5363,0.00323
webads,US Internet advertising,1997,0.907,1.7779,0.01039
webads,US Internet advertising,1998,1.92,3.6728,0.02082
webads,US Internet advertising,1999,4.62,8.6245,0.04744
webads,US Internet advertising,2000,8.09,14.7377,0.07866
webads,US Internet advertising,2001,7.13,12.6659,0.06674
webads,US Internet advertising,2002,6.01,10.4109,0.05415
webads,US Internet advertising,2003,7.27,12.2805,0.06306
webads,US Internet advertising,2004,9.63,15.8625,0.08041
webads,US Internet advertising,2005,12.54,20.1423,0.1008
webads,US Internet advertising,2006,16.88,26.5213,0.13061
webads,US Internet advertising,2007,21.21,32.5965,0.15799
webads,US Internet advertising,2008,23.45,35.2519,0.16815
webads,US Internet advertising,2009,22.66,33.3203,0.15642
webads,US Internet advertising,2010,26.04,37.4541,0.17303
webads,US Internet advertising,2011,31.74,44.9001,0.20366
webads,US Internet advertising,2012,36.57,50.88,0.22658
webads,US Internet advertising,2013,42.78,58.5388,0.25594
webads,US Internet advertising,2014,49.45,66.5505,0.28567
webads,US Internet advertising,2015,59.6,78.8883,0.33247
webads,US Internet advertising,2016,72.5,94.1583,0.39052
webads,US Internet advertising,2017,88.3,112.5215,0.45927
webads,US Internet advertising,2018,107.5,134.4119,0.53991
webads,US Internet advertising,2019,124.6,152.8628,0.60427
webads,US Internet advertising,2020,139.8,169.4562,0.65468
webads,US Internet advertising,2021,189.3,219.127,0.81988
webads,US Internet advertising,2022,209.7,224.7451,0.84
webads,US Internet advertising,2023,225.0,231.6459,0.83357
webads,US Internet advertising,2024,258.6,258.6,0.88607
ecom,US E-commerce,1998,5.0,9.5647,0.05421
ecom,US E-commerce,1999,15.0,28.0016,0.15401
ecom,US E-commerce,2000,27.6,50.2794,0.26835
ecom,US E-commerce,2001,34.5,61.2868,0.32291
ecom,US E-commerce,2002,45.0,77.9518,0.40546
ecom,US E-commerce,2003,57.0,96.2841,0.4944
ecom,US E-commerce,2004,72.0,118.5983,0.60118
ecom,US E-commerce,2005,92.0,147.7747,0.73949
ecom,US E-commerce,2006,114.0,179.1127,0.8821
ecom,US E-commerce,2007,137.0,210.5482,1.02048
ecom,US E-commerce,2008,142.0,213.4659,1.01822
ecom,US E-commerce,2009,145.0,213.2149,1.0009
ecom,US E-commerce,2010,168.0,241.6396,1.11635
ecom,US E-commerce,2011,198.0,280.0951,1.27046
ecom,US E-commerce,2012,230.0,319.9997,1.42503
ecom,US E-commerce,2013,262.0,358.5127,1.56748
ecom,US E-commerce,2014,298.0,401.0523,1.72155
ecom,US E-commerce,2015,340.0,450.0338,1.89664
ecom,US E-commerce,2016,390.0,506.5067,2.10074
ecom,US E-commerce,2017,449.0,572.165,2.33538
ecom,US E-commerce,2018,519.0,648.9283,2.60664
ecom,US E-commerce,2019,598.0,733.6433,2.90013
ecom,US E-commerce,2020,815.0,987.8883,3.8166
ecom,US E-commerce,2021,960.0,1111.262,4.15787
ecom,US E-commerce,2022,1040.0,1114.6156,4.16595
ecom,US E-commerce,2023,1119.0,1152.0522,4.14564
ecom,US E-commerce,2024,1192.0,1192.0,4.0843
cloud,Global Cloud infrastructure,2010,4.0,5.7533,0.02658
cloud,Global Cloud infrastructure,2011,6.3246,8.9469,0.04058
cloud,Global Cloud infrastructure,2012,10.0,13.913,0.06196
cloud,Global Cloud infrastructure,2013,14.0,19.1572,0.08376
cloud,Global Cloud infrastructure,2014,20.0,26.9163,0.11554
cloud,Global Cloud infrastructure,2015,28.0,37.0616,0.15619
cloud,Global Cloud infrastructure,2016,38.0,49.3519,0.20469
cloud,Global Cloud infrastructure,2017,55.0,70.087,0.28607
cloud,Global Cloud infrastructure,2018,75.0,93.7758,0.37668
cloud,Global Cloud infrastructure,2019,96.0,117.7755,0.46557
cloud,Global Cloud infrastructure,2020,129.0,156.3651,0.6041
cloud,Global Cloud infrastructure,2021,178.0,206.0465,0.77094
cloud,Global Cloud infrastructure,2022,227.0,243.2863,0.9093
cloud,Global Cloud infrastructure,2023,270.0,277.9751,1.00029
cloud,Global Cloud infrastructure,2024,330.0,330.0,1.13072
cloud,Global Cloud infrastructure,2025,400.0,389.6894,1.31148
smartphone,Global Smartphones,2007,35.0,53.7897,0.26071
smartphone,Global Smartphones,2008,50.0,75.1641,0.35853
smartphone,Global Smartphones,2009,60.0,88.2269,0.41417
smartphone,Global Smartphones,2010,105.0,151.0248,0.69772
smartphone,Global Smartphones,2011,160.0,226.3395,1.02663
smartphone,Global Smartphones,2012,230.0,319.9997,1.42503
smartphone,Global Smartphones,2013,290.0,396.827,1.735
smartphone,Global Smartphones,2014,330.0,444.1183,1.90641
smartphone,Global Smartphones,2015,400.0,529.4515,2.23134
smartphone,Global Smartphones,2016,410.0,532.4814,2.20847
smartphone,Global Smartphones,2017,450.0,573.4394,2.34058
smartphone,Global Smartphones,2018,500.0,625.1718,2.51121
smartphone,Global Smartphones,2019,470.0,576.6093,2.27937
smartphone,Global Smartphones,2020,450.0,545.4598,2.10732
smartphone,Global Smartphones,2021,510.0,590.3579,2.20887
smartphone,Global Smartphones,2022,460.0,493.0031,1.84263
smartphone,Global Smartphones,2023,430.0,442.701,1.59305
smartphone,Global Smartphones,2024,470.0,470.0,1.61042
